id_keyword;keyword
3167;floor
3166;pong
3165;assault mode
3164;onslaught mode
3163;matt smith
3162;amy pond
3161;dalek
3160;doctor who
3159;ps1
3158;ridiculous
3157;pixel gore
3156;parti kumaş alan
3155;kumaş alanlar
3154;roblox
3153;hopping
3152;little
3151;node js
3150;puzzle stampede
3149;libgdx
3148;pacman,labyrinth,maze,fish,dungeon,space,lowpoly
3147;japanese mafia
3146;#nintendo entertainment system
3145;#nes
3144;grave danger
3143;maid
3142;idol
3141;bullying
3140;stupid clicker game
3139;mamangement
3138;colorful
3137;mafia
3136;hero management
3135;plataform
3134;connect the dots
3133;dots
3132;connect
3131;reflex
3130;colors
3129;pin
3128;clan
3127;team
3126;based on an anime
3125;control like geometry dash'ship
3124;not flappy bid
3123;mallows
3122;vipplatwoc6
3121;moomins
3120;airplane combat
3119;digital trip
3118;exorcist
3117;solve
3116;tag
3115;solo
3114;ccg
3113;made in spain
3112;playstation talents
3111;fivexgame
3110;playstation 4
3109;indie game
3108;motor strike
3107;marketing
3106;art theft
3105;paris
3104;political activists
3103;brainy
3102;scissors
3101;cut
3100;dizzy
3099;webgame
3098;adventure, collectibles, optimistic, retro futurism
3097;dlc content
3096;addon
3095;nitrous
3094;wsr
3093;bird view
3092;ga
3091;graveball
3090;in
3089;bingo
3088;xbox controllers
3087;one-man army
3086;creature slaying
3085;mad science
3084;unicorn entertainment system
3083;baby eater
3082;aerial destruction
3081;jcerb
3080;meditation
3079;8-bit
3078;platforming
3077;lgbtqai
3076;blockforte
3075;bleach
3074;bleach
3073;space action
3072;based on a play
3071;two,two way,arceed,puzzle,mined
3070;two,two way,arceed,puzzle,mined
3069;two,two way,arceed,puzzle,mined
3068;based on board game
3067;geocaching
3066;dk productions
3065;hunted: one step too far
3064;vehicular combat game
3063;tap to play, jump,crossy, town,tap,tappy,fun,entertainment,addiction
3062;circle
3061;switch
3060;boucing
3059;one button
3058;jil
3057;jack
3056;barter system
3055;bubble shooter, shoot the bubbles, underwater
3054;project diva arcade
3053;future tone
3052;project diva
3051;biohazard
3050;gba
3049;duck
3048;tunes
3047;looney
3046;daffy
3045;adventure
3044;rpg
3043;jrpg
3042;topdown
3041;homingmissiles
3040;polygonauts
3039;museum
3038;maya
3037;golem
3036;satanic
3035;ritual
3034;devil
3033;flashcard
3032;based on musical
3031;arson
3030;marble, ball, roll, platform, adventure, virtual reality, vr, retro
3029;x1
3028;tactics
3027;jump bug
3026;tumblepop
3025;circus charlie
3024;steampunk, platform, shooter
3023;horror game
3022;atomic fabrik
3021;the last hope
3020;drumming
3019;donkey konga bongo controller
3018;rize
3017;transformation
3016;summon
3015;summonds
3014;2d platformer
3013;dark ages
3012;mandy the evil witch
3011;rocks
3010;boulder dash
3009;diamonds
3008;boner
3007;garden
3006;no rush
3005;İstanbul
3004;medieval survival first person shooter
3003;dual-hero
3002;possession
3001;crowdfunding
3000;starship
2999;toontown rewritten
2998;toontown online
2997;toontown
2996;serial code
2995;max
2994;manticore
2993;dark angel
2992;no jumping
2991;sliding puzzle
2990;books
2989;sim city
2988;ability
2987;reflexes
2986;brilliant
2985;quickly
2984;frantic
2983;agatha christie
2982;orbital mechanics
2981;hard science fiction
2980;souls-like
2979;theatre
2978;puppet
2977;wine
2976;baguettes
2975;unique art style
2974;xboxone
2973;movies
2972;clocktower
2971;fifth element
2970;muscles
2969;creating
2968;clothes
2967;hair
2966;piano
2965;miscellaneous
2964;stalingrad
2963;candy forest
2962;alien invasion
2961;gliders
2960;candy
2959;downwell
2958;shared screen
2957;chef
2956;stag
2955;hunt
2954;definitiv edition
2953;ori and the blind forest
2952;portal knights
2951;gods
2950;sumi-e
2949;hip-hop
2948;rap music
2947;tube shooter
2946;bbc
2945;wonderbook
2944;3dtv
2943;psvr
2942;jump scrare
2941;suspenseful
2940;spooky
2939;fear
2938;scary
2937;red dead
2936;alone
2935;band
2934;metallica
2933;fan remake
2932;logic puzzles
2931;multimedia project
2930;concept album
2929;bjork
2928;show animals
2927;breeding sim
2926;global leaderboards
2925;word puzzle
2924;gaia online
2923;language learning
2922;super mario bros.
2921;copyright infringement
2920;toilet humor
2919;alice in wonderland
2918;dj
2917;fetish
2916;oculus rift compatible
2915;aesthetic
2914;90's
2913;skateboarding
2912;bus tycoon, tycoon, bus simulator, bus, management, strategy tycoon, station, busstation, schedule, timetable
2911;upgrades
2910;fog of war
2909;president
2908;trump
2907;exploration driven
2906;dbz
2905;nintendo wfc
2904;challenging gameplay
2903;romanceable characters
2902;romancable companions
2901;magitech
2900;quantum physics
2899;song magic
2898;action game
2897;landfall
2896;singe player
2895;match three
2894;starts at the end
2893;hex grid
2892;calculations
2891;equation
2890;fractals
2889;square enix collective ( sec )
2888;free to start
2887;fanservice
2886;moe
2885;visual novel
2884;dream world
2883;art game
2882;unicorns
2881;horses
2880;adoptables
2879;profession simulator
2878;car mechanic
2877;surreal horror
2876;lara croft
2875;puzzle
2874;save your family
2873;attack
2872;sneak
2871;fig funded
2870;earth
2869;carbon
2868;climate change
2867;citybuilder
2866;fantasyfootball
2865;fantasy sports
2864;brain challenging
2863;world war 3
2862;chaos
2861;drones
2860;drones
2859;gadgets
2858;firstperson
2857;nonlinear
2856;ceo
2855;company
2854;firm
2853;corporations
2852;corporate governance
2851;corporate
2850;psychology
2849;emotions
2848;thc
2847;lsd
2846;economic
2845;ceo test
2844;glazial
2843;story-driven
2842;mithology
2841;airplane
2840;environment
2839;real time
2838;brick breaker
2837;mystical
2836;malkyrs
2835;formula1
2834;arcade shooter
2833;shooter arcade
2832;road trip adventure
2831;road trip
2830;last stand
2829;windows phone
2828;nvl
2827;school life
2826;plot
2825;despair
2824;harem
2823;link
2822;tablets
2821;phones
2820;spider solitaire
2819;hobby
2818;real life
2817;smash-like
2816;repair
2815;computers
2814;hand-drawn
2813;parry system
2812;dual-audio
2811;irish
2810;norse,
2809;rallye,
2808;great music
2807;memes
2806;warriors
2805;sky
2804;floating islands
2803;tournament
2802;jousting
2801;neo-noir
2800;adventure game
2799;mouse game
2798;office escape
2797;room escape
2796;escape game,
2795;based on novel
2794;editor
2793;base defense
2792;terraria
2791;audio based
2790;roaming monsters
2789;x-ray
2788;sprots
2787;american
2786;american
2785;aloadae game
2784;open world horror
2783;aloadae
2782;lords of xulima
2781;tower defence
2780;batman
2779;batman
2778;batman
2777;batman
2776;barkley
2775;berger
2774;kyle
2773;toast
2772;dude
2771;auto-runner
2770;pazel
2769;pictorial
2768;zoomed
2767;zoom out
2766;close up
2765;hidden
2764;this
2763;guess
2762;islam
2761;50 cent
2760;family friendly
2759;turtle
2758;matter
2757;lowpoly
2756;wizardry
2755;might and magic
2754;pc rpg
2753;facts
2752;low poly art
2751;its time
2750;unlockable items
2749;destination
2748;lander
2747;landing
2746;drone
2745;nodes
2744;virtual corn
2743;betting
2742;cockfighting
2741;election
2740;government
2739;open world multiplayer survival
2738;unity3d
2737;blood splash
2736;flappy meatbag
2735;bubbles, popping, action, swiping
2734;teutons
2733;gauls
2732;roman
2731;random characters
2730;3v3
2729;futuristic sport
2728;temple ryda
2727;scifi
2726;infinite
2725;music toy
2724;hacker
2723;cell
2722;biology
2721;cell
2720;biology
2719;smartphone
2718;pussy
2717;gaming
2716;cattroid
2715;12
2714;territory wars
2713;wargame
2712;danmaku
2711;payday
2710;mmo simulator
2709;goat simulator
2708;goatz
2707;sticky
2706;persia
2705;kursk
2704;color, ball, fall, basket
2703;cubes
2702;humour
2701;dark
2700;comedy
2699;abortion
2698;bird
2697;android
2696;play
2695;google
2694;fetus
2693;flappy
2692;plums
2691;skinny
2690;twinstick
2689;platform shooter
2688;rogue-light
2687;exoplanetfirstcontact
2686;exoplanet
2685;grotesque
2684;girl
2683;shapeshifting
2682;exoskeleton
2681;knut muller
2680;rhem
2679;katana
2678;fruit
2677;bobcat
2676;surveillance
2675;alternate universe
2674;klonoa
2673;volleyball
2672;giraffe
2671;special air service (sas)
2670;steven universe
2669;crystal gems
2668;alchemy
2667;folklore
2666;fairytale
2665;potions
2664;zen garden
2663;vr snake
2662;dreamcave
2661;dreamcave studio
2660;tails
2659;yaoi
2658;airships
2657;upgradable equipment
2656;bandits
2655;mind
2654;ragdoll
2653;creepy
2652;carrots
2651;pauline
2650;jumpman
2649;fbi
2648;based on a manga
2647;quick timed events (qte)
2646;donkey kong
2645;monria
2644;entropia universe
2643;rce
2642;boss battles
2641;ecology
2640;disco
2639;srpg
2638;myst
2637;adventure maker
2636;riven
2635;some piece of mind
2634;some peace of mind
2633;myst clone
2632;strider
2631;steins;gate
2630;hentain
2629;pyxel, pixel,
2628;easy
2627;storyteller
2626;tower
2625;fallout
2624;gunman
2623;sheriff
2622;bullseye
2621;western cowboy
2620;google cardboard
2619;virtual realitiy
2618;tron
2617;tunnel racing
2616;shoot'em'up
2615;point n'click
2614;trex muscle sam
2613;dodging
2612;studio in memoria
2611;frédéric modine
2610;la chute des tours
2609;lcdt
2608;indiana jones,
2607;twitch plays
2606;rock paper scissors
2605;immortal sins
2604;quiz
2603;video games
2602;cinema
2601;trivia
2600;wish
2599;bocce ball
2598;petanque
2597;bowls
2596;infographics
2595;gunslinger
2594;tvos
2593;siri remote
2592;iphone
2591;gameboy
2590;tactical rpg ( trpg )
2589;3d action rpg
2588;ninja vault
2587;parachronism order of chaos
2586;grid-based battles
2585;retro game
2584;twin stick shooter
2583;cuttlefish
2582;spelunky
2581;gog
2580;linux
2579;mac
2578;windows
2577;xbox
2576;lone
2575;light
2574;squirrel
2573;pot
2572;cannabis
2571;weed growing
2570;numberlink
2569;pipes
2568;fun
2567;line drawing
2566;spell casting
2565;spirits
2564;youkai
2563;chiptunes
2562;mice
2561;spear
2560;trebuchet
2559;resource grinding
2558;in-app purchase
2557;macintosh
2556;interplay
2555;mario
2554;charles
2553;boats
2552;stenkross studios
2551;stenkross
2550;vrrts
2549;vr rts
2548;tablemen
2547;real time strategy
2546;card mini-game
2545;renaissance
2544;italy
2543;playstation network
2542;shovel
2541;tile matching
2540;alignment system
2539;lacrosse
2538;emergency
2537;ambulance
2536;car combat
2535;infected
2534;creator tool
2533;balldrop
2532;peggle
2531;point and shoot
2530;large-scale battles
2529;rotoscoping
2528;falling blocks
2527;khight
2526;freelancer
2525;random objectives
2524;local co-op only
2523;random items
2522;random character stats
2521;random events
2520;sinistar
2519;companions
2518;tap
2517;endless clicker
2516;ninja dude
2515;nintendo playstation
2514;super disc
2513;hook
2512;cbs
2511;survivor
2510;final fantasy
2509;nsfw
2508;scp087
2507;087
2506;undertow
2505;undertowgames
2504;thescpfoundation
2503;scpfoundation
2502;scp
2501;streaming
2500;tragedy
2499;interconnected world
2498;cult
2497;features a rapper
2496;snoop dog
2495;powerglove
2494;spell crafting
2493;steam greenlight
2492;prohibition
2491;endless
2490;sony pub fund
2489;inventory management
2488;giants
2487;final fronts
2486;world at war
2485;call of duty
2484;dragon ball gt
2483;dragon ball z
2482;dragon ball gt
2481;dragon ball z
2480;gotham city
2479;racing sim
2478;race car
2477;cloud simulator
2476;serious game
2475;bishoujo
2474;life simulation game
2473;explore, gather, defend and survive
2472;sword & sorcery
2471;gladiators
2470;hentai
2469;the dev team thinks of everything
2468;piramid
2467;na'vi
2466;sonic worlds fan game
2465;sonic fan games
2464;endless sonic first game
2463;second sonic wii game
2462;2-player
2461;gloomy
2460;temple
2459;tower-defense
2458;feudal japan
2457;anthropomorphic characters
2456;journey to the west
2455;king monkey
2454;biker
2453;bundle
2452;day/night cycle
2451;physics puzzles
2450;glitch
2449;outback
2448;australia
2447;touchscreen controlled
2446;alternative solutions
2445;ballerina
2444;androids
2443;robot companions
2442;soviet union
2441;ussr
2440;graffiti
2439;hunter
2438;weather
2437;sg-1000
2436;golgo
2435;cateia
2434;training system
2433;death mechanics
2432;kinetic novel
2431;visual novel
2430;web
2429;youtube
2428;unique mechanics
2427;builder
2426;story rich
2425;kickstarter
2424;realistic
2423;nonogram
2422;donkey
2421;creepy dolls
2420;pizza delivery
2419;evil
2418;f1
2417;1
2416;hide and seek
2415;bats
2414;arrow
2413;save file rewards
2412;free movement
2411;download play
2410;megaman clone
2409;instant deaths
2408;taito
2407;byking
2406;square enix
2405;gunslinger stratos
2404;nintendo 3ds
2403;3ds
2402;dragon ball
2401;dragon ball fusions
2400;hollywood hits
2399;turn-based combat
2398;submachine
2397;submachine
2396;text-based
2395;finland
2394;stylized art
2393;quest
2392;online multiplayer
2391;based on a comic
2390;roaming encounters
2389;sandbox
2388;endless runner
2387;superhero
2386;space
2385;free-to-play
2384;507
2383;mini games
2382;visible encounters
2381;black hole
2380;hell-life
2379;cosmic horror
2378;lucas arts
2377;party-based
2376;random encounters
2375;capture-and-control
2374;hero-shooter
2373;charity
2372;child abuse awareness
2371;keeper and the soldier
2370;jbskats
2369;kats
2368;airport
2367;berzerk clone
2366;word game
2365;real-time battles
2364;unique storytelling system
2363;eggplant
2362;instant replay
2361;ice cream
2360;mashup
2359;pokemon fusions
2358;pokémon fusions
2357;eric davidson
2356;matt martin
2355;pokemon fusion generation
2354;pokémon fusion generation
2353;pokémon
2352;rpg maker xp
2351;tomb,raider,rise of the tomb raider,
2350;golden fleece
2349;jason
2348;pegasus
2347;mermaid
2346;pyramid
2345;tomb
2344;checkpoint
2343;space invaders clone
2342;peripheral shooter
2341;tomodachi life
2340;social network
2339;miitomo
2338;motorbike
2337;flowers
2336;phobia
2335;hexagon
2334;vector graphics
2333;neotenia
2332;volvox
2331;southpeak interactive
2330;southpeak games
2329;arkedo
2328;big bang mini
2327;konami
2326;wireway
2325;crocodiles
2324;swimming
2322;digital bros
2320;warashi
2319;d3 publisher
2318;ds
2317;nintendo ds
2316;beetle king
2315;insect
2314;zoo tycoon
2313;diver
2312;volcano
2311;abandoned mine
2310;liquid entertainment
2308;buena vista games
2307;desperate housewives: the game
2306;desperate housewives
2305;trinigy
2304;vision engine
2303;nobilis
2302;exkee
2301;ifluid
2300;prune
2299;naked
2298;nuclear reactor
2297;side scrolling
2296;dash
2295;monster
2294;halfbrick studio
2293;jetpack joyrde
2292;human head studios
2291;blair witch volume 2
2290;terminal reality
2289;blair witch volume 1
2288;nocturne engine
2287;take-two interactive
2286;gathering of developers
2285;ritual entertainment
2284;blair witch volume 3
2283;blair witch project
2282;vertical shooter
2281;discontinued
2280;climbing
2279;jumping
2278;singer
2277;actor
2276;model
2275;fame
2274;star
2273;design and illustration
2272;jesus
2271;hills
2270;intentionally bad
2269;mountains
2264;world of darkness
2263;vulgar
2262;anime-based
2261;naruto
2259;gatcha
2258;battleships
2257;live dealer,
2256;slots,
2255;jackpots
2254;william hill vegas
2253;william hill
2252;shoppe
2251;agriculture
2250;middle earth
2249;everquest
2248;4d
2247;cinematic platformer
2246;virtual life
2245;non-linear
2244;sudoku
2243;billard
2242;good vs evil
2241;boss
2240;custom controller
2239;cthulhu
2238;minecraft inspired
2237;warship
2236;usa
2235;cameo
2234;split screen
2233;motion controls
2232;gesture
2231;3d platformer
2230;mars
2229;amiibo
2228;dungeon crawler
2227;llama
2226;trippy
2225;low-poly
2224;twenty questions
2223;ricochet
2222;prototype
2221;zero gravity
2220;cabela
2219;bear
2218;turkish
2217;photophobia
2216;score attack
2215;soft body dynamics
2214;afghanistan
2213;arwing
2212;staff
2211;star fox
2210;space marine
2209;zelda
2208;simultaneous turns
2207;bloody roar
2206;indiana jones
2205;treasure hunting, project entropia, entropia universe, rce, mmorpg
2203;barbie
2202;emotional
2201;destiny
2200;sidequests
2199;silent protagonist
2198;open world
2197;underground
2196;pvp server
2195;pvp serverler
2194;pvp, server,
2193;numbers
2192;ogame
2191;medieval war
2190;cruxata
2189;soldiers
2188;swat 3
2187;daytona
2186;dungeon crawer
2185;action figure
2184;talking animals
2183;student project
2182;prelude
2181;microtransactions
2180;cross-platform multiplayer
2179;harvesting
2178;secrets
2177;mining
2176;bard
2175;lasers
2174;rolling
2173;team-based
2172;scavenging
2171;upgrading
2170;dreams
2169;chemistry
2168;age of sail
2167;resurrection
2166;baby mario
2165;yoshi
2164;unicycle
2163;underworld
2162;day of the dead
2161;mexican folklore
2160;jack the ripper
2159;park simulator
2158;time loop
2157;innuendo
2156;black protagonist
2155;wall jump
2154;shield
2153;heavy metal
2152;high score
2151;coco the monkey
2150;dig'em frog
2149;tony the tiger
2148;kellogg
2147;otaku
2146;kawaii
2145;color matching
2144;creepy children
2143;drill arm
2142;plastic surgery
2141;slow-motion
2140;hong kong
2139;htc vive
2138;techno soundtrack
2137;melee combat
2136;vegetables
2135;vertical platforming
2134;parenthood
2133;instruments
2132;boat racing
2131;combat ship
2130;trial and error
2129;artistic design
2128;trial and error
2127;artistic design
2126;blood and guts
2125;love story
2124;fictional sports
2123;religious
2122;pilgrimage
2121;mine cart
2120;duo
2119;barrells
2118;mine cart
2117;duo
2116;barrells
2115;mad scientist
2114;coins
2113;castle
2112;mushroom
2111;giant insects
2110;level selection
2109;level selection
2108;planets
2107;space adventure
2106;classic monsters
2105;whip
2104;space suit
2103;isolated area
2102;item collecting
2101;mexico
2100;lucha libre
2099;mexico
2098;lucha libre
2097;reboot
2096;humor
2095;70's
2094;autobiography
2093;transgender
2092;xonix
2091;battleship simulator
2090;lumino city
2089;handmade
2088;protecting
2087;playing as the bad guy
2086;plumbers
2085;good soundtrack
2084;relaxing
2082;choose your own adventure
2081;interactive novel
2080;deck building
2079;cards
2078;construction worker
2077;persistent
2076;modable
2075;seamless
2074;duck
2073;naval surface warfare
2072;clicker
2071;sequel
2070;fable 2
2069;pizza
2068;drag racing
2067;illegal racing
2066;dwarves
2065;yo-yo
2064;auto-battle
2063;card-battle mechanics
2062;alcohol
2061;bondage
2060;twine
2059;military
2058;game jam
2057;ancient japan
2056;pop culture
2055;youtube
2054;pewdiepie
2053;cosplay
2052;singing
2051;speed running
2050;adult humor
2049;platformer
2048;disability
2047;ghost ship
2046;relationships
2045;love
2044;terraforming
2043;earthquakes
2042;natural disaster
2041;hydra
2040;echolocation
2039;blind
2038;dig dug clone
2037;cluedo
2036;oil
2035;spelunking
2034;animal welfare
2033;social issues
2032;ghost hunter
2031;genetic manipulation
2030;loot
2029;stargate
2027;japanese mythology
2026;metaphorical storytelling
2025;contemplative
2024;philosophy
2023;you play as alien
2022;roulette
2021;shadow of the collossus
2020;iran
2019;1970s
2018;bomberman clone
2017;memory
2016;billiards
2015;ghosts n goblins clone
2014;dungeons & dragons
2013;jigsaw
2012;breakout/arkanoid clone
2011;lady bug clone
2010;19th century
2009;air traffic control
2008;africa
2007;german
2006;geography
2005;french
2004;unofficial
2003;hybrid
2002;economy
2001;gauntlet clone
2000;arthur c. clarke
1999;pacman clone
1998;defender clone
1997;asteroids clone
1996;donkey kong clone
1995;desert racing
1994;playstation vr
1993;stags
1992;slow
1991;erotic games
1990;adult
1989;tech demo
1988;motion sensor
1987;sixaxis
1986;teleportation
1985;kung fu
1984;water skiing
1983;bomb jack
1982;random level generation
1981;zombie soccer
1980;procedurally generated
1979;yacht
1978;singleplayer
1977;athletics
1976;costumes
1975;dungeons
1974;defusing bombs
1973;first person puzzle
1972;jump scares
1971;over the shoulder
1970;escort missions
1969;save transfer
1968;death race
1967;rogue-lite
1966;gwent
1965;roleplay
1964;byzantine
1963;slavic folklore
1962;slavs
1961;nudity
1960;shower
1959;glyphs
1958;15th century
1957;vj
1956;titanic
1955;spoof
1954;foxes
1953;fox
1952;pixels
1951;visualizer
1950;electronic music
1949;gear vr
1948;hollywood
1947;capitalism, ho
1946;store management
1945;rabbits
1944;napoleon
1943;speech
1942;photography mechanic
1941;unfair deaths
1940;nigel mansell
1939;blablabla
1938;gold rush
1937;otome
1936;pet simulator
1935;dog
1934;defender
1933;chinese mythology
1932;flash gordon
1931;dice
1930;chevrolet
1929;shopkeeping
1928;capitalism
1927;collectible card game (ccg)
1926;tradable card game (tcg)
1925;strategy card game
1924;firefight
1923;grid-based movement
1922;map making
1921;unique battle system
1920;alternative gameplay
1919;active
1918;real world
1917;ability system
1916;job system
1915;active-time battle system
1914;choice and consequence
1913;disorder
1912;anxiety
1911;inner struggle
1910;yokai
1909;ancient china
1908;medical
1907;uncanny
1906;attack helicopter
1905;base building
1904;isolated
1903;psychological
1902;shanghai
1901;dear esther
1900;private detective
1899;spelling
1898;easter egg
1897;crazy golf
1896;internet celebrity
1895;american civil war
1894;uncover past
1893;tarot
1892;vocaloid
1891;phoenix wright
1890;ace attorney
1889;gyakuten saiban
1888;controversial
1887;racism
1886;slavery
1885;couple system
1884;combat
1883;skills
1882;group play
1881;amnesia
1880;doctor who
1879;elephant
1878;circus
1877;qte
1876;interactive drama
1875;boulderdash
1874;space invaders
1873;fruit machine
1872;spiders
1871;gauntlet
1870;burglar
1869;pocketmonsters
1868;enhanced version
1867;abandoned mansion
1866;estate
1865;macromedia flash
1864;flash based
1863;penguin throw
1862;yeti
1861;past
1860;lemonade business
1859;lemonade salesman
1858;lemonade
1857;lemonade stand
1856;ibiza
1855;roller coaster tycoon
1854;resort
1853;financial
1852;financing
1851;vacation
1850;holiday resort
1849;business simulation
1848;business strategy
1847;bugs
1846;mud
1845;based on a web show
1844;hats
1843;infantry
1842;real-time tactics
1841;clones
1840;troops
1839;humans vs robots
1838;stephen king
1837;the running man
1836;survival horror
1835;cameraman
1834;camera
1833;alter ego
1832;2010s
1831;tank building
1830;tank battles
1829;building tanks
1828;tank wars
1827;tank combat
1826;race and shoot
1825;battle mode
1824;race
1823;tank race
1822;tank racing
1821;tank
1820;bird view racing
1819;death rally
1818;micro machines
1817;car racing
1816;car race
1815;sliding boxes
1814;sliding
1813;storage
1812;transport puzzle
1811;warehouse
1810;boxes
1809;moving boxes
1808;pushing
1807;box pushing
1806;push
1805;suburban
1804;street
1803;newspaper
1802;biking
1801;bicycling
1800;bicycle
1799;delivery driver
1798;delivery
1797;newspaper delivery
1796;dinohunt
1795;telephone game
1794;obstacle dodge
1793;television show
1792;tv game
1791;tv show
1790;interactive television entertainment
1789;hugo
1788;bananoid
1787;demake
1786;house of the dead
1785;virtua cop
1784;light gun
1783;car
1782;bumper cars
1781;flag capture
1780;pixel graphics
1779;torture
1778;boomerang
1777;wizard
1776;jumping ball
1775;bouncing
1774;bouncing ball
1773;combat vehicle
1772;alien attack
1771;highway
1770;tyrian
1769;raptor
1768;armed car
1767;road
1766;oxyd
1765;enigma
1764;marble blast
1763;switchball
1762;rollin
1761;ball
1760;ball roll
1759;line
1758;obstacles
1757;worm
1756;snakes
1755;snake
1754;dark humor
1753;hd remaster
1752;skyline
1751;buildings
1750;city
1749;bombs
1748;explosive
1747;bananas
1746;artillery
1745;gorillas
1744;grand prix
1743;championship
1742;competition
1741;race track
1740;pole position
1739;missile
1738;sink ship
1737;ship
1736;david whittaker
1735;inventory
1734;mine
1733;teaching
1732;education
1731;clasroom
1730;cave express
1729;stone age
1728;historical
1727;space taxi
1726;paint
1725;draw
1724;animate
1723;animation
1722;spaceship customization
1721;surreal
1720;stop motion
1719;edgar allan poe
1718;william s. burroughs
1717;obstacle ski
1716;wolf
1715;throwing
1714;sex
1713;ball and paddle
1712;paddle
1711;arkanoid
1710;snow
1709;ski resort
1708;snowball fight
1707;time machine
1706;gun customization
1705;pixel art
1704;tabletop
1703;little battlers experience
1702;yo-kai watch
1701;red riding hood
1700;rhythm-based
1699;dancing
1698;vanishing of ethan carter
1697;atmospheric
1696;interactive storytelling
1695;abandoned
1694;decay
1693;gone home
1692;rally racing
1691;pervasive
1690;limited use
1689;tools
1688;physics-based platformer
1687;music based
1686;interactive audio
1685;random puzzle generation
1684;escape the room
1683;super scope
1682;spin-off
1681;bike combat
1680;random text generation
1679;scrolling shooter
1678;drifting
1677;local multiplayer
1676;mythical creatures
1675;revenge
1674;alien planet
1673;mickey mouse
1672;clown
1671;voice commands
1670;ronin
1669;crime
1668;gran turismo
1667;terran
1666;vaporware
1665;liquid
1664;flash games
1663;metal music
1662;goregrind
1661;grindcore
1660;zen
1659;resident evil
1658;myths & legends
1657;sir christopher lee
1656;live action
1655;esports
1654;super smash bros
1653;investigations
1652;adventure time
1651;valkyrie
1650;epic
1649;web camera
1648;telltale games
1647;telltale
1646;mojang
1645;minecraft
1644;reaction time
1643;brazil
1642;non-game
1641;fantasy scifi
1640;space pirate
1639;sharks
1638;conspiracy
1637;sith
1636;two player
1635;local co-op
1634;couch co-op
1633;indestructible
1632;sailing
1631;teeth
1630;gravity gun
1629;narration
1628;in-game currency
1627;lizard
1626;football manager
1625;native americans
1624;demo
1623;dual-stick shooter
1622;noah
1621;bible
1620;fairies
1619;pornographic
1618;asteroids
1617;homebrew
1616;minesweeper
1615;drinking game
1614;hovercraft
1613;taco
1612;fast food
1611;rockets
1610;fairy tale
1609;scandinavian folklore
1608;winter
1607;base management
1606;black hawk down
1605;world at war
1604;fluid simulation
1603;bootleg
1602;british sas
1601;science
1600;bombing
1599;bus
1598;algebra
1597;psp
1596;spiritual
1595;sensual
1594;pleasure
1593;find
1592;search
1591;picture
1590;kinetic novel
1589;dimensional travel
1588;handball
1587;color
1586;marbles
1585;chocolat factory
1584;chocolat
1583;civilizations
1582;starship management
1581;f-117 nighthawk
1580;stealth fighter
1579;1868
1578;victorian london
1577;korea
1576;united states
1575;england
1574;brawlhalla
1573;brawl
1572;scuba diving
1571;hotel management
1570;cheating
1569;samurai
1568;meiji period
1567;japan
1566;upgrade
1565;combos
1564;community
1563;kid friendly
1562;kids
1561;miniature
1560;gangster
1559;druids
1558;stonehenge
1557;power rangers
1556;supersentai
1555;dinosaurs
1554;rpg maker
1553;power-ups
1552;powerups
1551;free roam
1550;king of the hill
1549;add-on
1548;turn-based tactics
1547;zapper
1546;suicidal
1545;deamons
1544;war
1543;apocalypse
1542;darksiders
1541;strategy rpg
1540;idol simulation
1539;satire
1538;based on a book
1537;expansion
1536;jungle
1535;film
1534;hercules
1533;best
1532;warring states
1531;sengoku
1530;witchcraft
1529;third person
1528;sacrifice
1527;nanotechnology
1526;multiple narratives
1525;character development
1524;explorable world
1523;dialogue trees
1522;story driven
1521;card battles
1520;vlambeer game
1519;mtv
1518;krondor
1517;midkemia
1516;the smiling, proud wanderer
1515;naval warfare
1514;teenage protagonist
1513;dungeon crawling
1512;playstation 2
1511;funny
1510;twin-stick shooter
1509;dynamic world
1508;mobile
1507;rock
1506;teenage
1505;demon fusing
1504;high school
1503;custom soundtrack
1502;progression
1501;incremental
1500;guns
1499;schwarzenegger
1498;minigames
1497;children's
1496;musical
1495;abstract
1494;steam trading cards
1493;walking simulator
1492;quirky
1491;need backers kickstarter
1490;tavern
1489;orc
1488;vector
1487;mode 7
1486;super fx
1485;pushes hardware limits
1484;dating sim
1483;electroswing
1482;stealth
1481;freeflow
1480;engineering
1479;factory
1478;on-rails
1477;adeline
1476;shop
1475;castle simulator
1474;gnome
1473;multiplayer
1472;html5
1471;real-time strategy
1470;rts
1469;vegas
1468;dark souls
1467;psychedelic
1466;key visual arts
1465;tagpro
1464;ctf
1463;capture the flag
1462;roger zelazny
1461;cartoon graphics
1460;gta clone
1459;open-world
1458;nexuiz
1457;quakelike
1456;cheesy
1455;b-movie
1454;playstation
1453;vecxis
1452;xonotic
1451;arena shooter
1450;quake
1449;star trek
1448;mecha
1447;dos
1446;first person
1445;soccer
1444;supraball
1443;stuffed rabbit
1442;wonder boy
1441;warhammer 40,000
1440;artificial intelligence
1439;narrative-driven
1438;murder mystery
1437;hiding
1436;pigs
1435;nintendo
1434;ants
1433;jam game
1432;queer characters
1431;wildlife
1430;slice of life
1429;minimalist
1428;graphic-adventure
1427;sushi
1426;cover-based shooter
1425;oculus rift
1424;balloons
1423;hacking
1422;portals
1421;gps
1420;rare
1419;rollerblade
1418;skate
1417;inlines
1416;point and click
1415;jbs
1414;jumpbutton studio
1413;turbo finger swipe
1412;tfs
1411;swipe
1410;finger
1409;turbo
1408;disease simulator
1407;alpha centauri
1406;game development
1405;shareware
1404;medieval setting
1403;building
1402;noire
1401;new york
1400;aztecs
1399;transmigration
1398;winter war
1397;frogger clone
1396;stacking
1395;blocks
1394;tetris
1393;tropical
1392;dungeon management
1391;dorito
1390;chan culture
1389;pioneer camp
1388;soviet russia
1387;cute
1386;reversed tower defense
1385;wall climbing
1384;massively multiplayer
1383;don't die
1382;jetpack
1381;princess
1380;artsy
1379;campaign
1378;dieselpunk
1377;second world war
1376;nazi
1375;freeware
1374;first person adventure
1373;hostages
1372;solitaire
1371;blobber
1370;prehistoric
1369;digital pet
1368;modern
1367;perspective
1366;matching
1365;plant growing
1364;angry birds clone
1363;aircraft
1362;sport trivia
1361;board game
1360;games workshop
1359;gamebook adaptation
1358;beat em up
1357;stand-alone package
1356;restaurant
1355;unreal engine
1354;rock opera
1353;metal
1352;class-based
1351;civil war
1350;ultimate general
1349;gettysburg
1348;tea
1347;tea-making
1346;illuminati
1345;traps
1344;creature capture
1343;rpg maker
1342;chinese mafia
1341;word-forming
1340;growing
1339;space western
1338;deus ex
1337;2027
1336;roman empire
1335;sorcerers
1334;mages
1333;online
1332;pve
1331;helicopter simulator
1330;hoverboard
1329;special forces
1328;cavestory
1327;whodunit
1326;two-word parser
1325;advergame
1324;kendo
1323;remastered
1322;mutants
1321;humans
1320;undead
1319;decisions
1318;free
1317;apocalypse
1316;oculus rift campatible
1315;short
1314;skyscrapers
1313;multiple endings
1312;writing
1311;foreign language
1310;reading
1309;bullet time
1308;gore
1307;hockey
1306;animal companion
1305;child protagonist
1304;edutainment
1303;prophecy
1302;chosen one
1301;sunken city
1300;ecological message
1299;time limit
1298;atmosphere
1297;asymmetric gameplay
1296;hospital
1295;lovecraftian
1294;lovecraft
1293;achievements
1292;whack a mole
1291;over the top
1290;cryptic
1289;backtracking
1288;dracula
1287;puppy
1286;based on a movie
1285;laserdisc
1284;1982
1283;flying
1282;firefox
1281;guitar hero-esque
1280;reviewed by avgn
1279;dark scifi
1278;literary adaptation
1277;makeup
1276;ballet
1275;babies
1274;designer
1273;personal quizzes
1272;diary
1271;productivity
1270;school
1269;teacher
1268;rock star
1267;licensed
1266;hobbits
1265;drunk
1264;bar
1263;pixelated
1262;lelvels
1261;shotting
1260;cubic
1259;avatar
1258;html
1257;sarcastic sidekick
1256;family curse
1255;structured by day
1254;dead ends
1253;new orleans
1252;bounty hunter
1251;diablo
1250;warcraft
1249;starcraft
1248;blizzard
1247;multiplayer online battle arena
1246;hi-res
1245;atb
1244;social
1243;you play as a police
1242;addictive game
1241;viking dodge
1240;dodge
1239;viking
1238;sucker punch productions
1237;god
1236;patapon
1235;top-down shooter
1234;nightmare
1233;isaac
1232;kick boxing
1231;karate
1230;quiz game
1229;tiny wings
1228;bird
1227;kusoge
1226;subway
1225;metro
1224;multiple winning conditions
1223;classless system
1222;ladder climbing
1221;architect
1220;special agent
1219;espionage
1218;12th century
1217;dogfight
1216;steep learning curve
1215;time sink
1214;army control
1213;hero character
1212;psychic abilities
1211;linear missions
1209;party-based combat
1208;overworld
1207;halloween
1206;space colonization
1205;voodoo
1204;stylized
1203;monochrome
1202;black-and-white
1201;crime-solving
1200;colonial america
1199;conquistadors
1198;space exploration
1197;supervillain
1196;indians
1195;poorly received
1194;fight sequences
1193;parallel worlds
1192;tamriel
1191;lotus esprit
1190;treasure hunt
1189;boardgame adaptation
1188;bromance
1187;alternative puzzle solutions
1186;multiple protagonists
1185;life simulation
1183;werewolf
1182;vampire
1181;fairy
1180;witch
1179;supernatural
1178;magic
1177;novel adaptation
1176;daniel craig
1175;blood stone
1174;bond
1173;james bond
1172;german mythology
1171;richard wagner
1170;action sequences
1168;toddler
1167;glorantha
1166;sports
1165;leveling
1164;free to play (f2p)
1163;ios
1162;micromanagement
1161;moddable
1160;simple
1159;trading
1158;steam
1157;scripting
1156;truck simulator
1155;sports,
1154;indie opportunity
1153;impulsive
1152;button
1151;village
1150;professor
1149;mechanical
1148;simulation
1147;fan made
1146;2014
1145;star wars
1144;jedi
1143;diplomacy
1142;ludum dare
1141;indiegogo
1140;hidden object
1139;tile
1138;egypt
1137;india
1136;noir
1135;marble
1134;luxor
1133;pharaoh
1132;marble
1131;luxor
1130;pharaoh
1129;country game
1128;cowboy
1127;classic
1126;granny game
1125;addictive
1124;open source
1123;twitter-based
1122;plane crash
1121;wilderness
1120;horror
1119;forest
1118;family
1117;riftwars
1116;vehicle
1115;animal based
1114;raising
1113;mature
1112;farm simulator
1111;nature
1110;easports
1109;navy
1108;action sports
1107;war
1106;sci-fi
1105;supernatural
1104;farm
1103;farming
1102;religion
1101;metal gear
1100;rust
1099;crowdfunded
1098;water
1097;cyborg
1096;nordic mythology
1095;vikings
1094;dupe
1093;french revolution
1092;zomba (zombie online multiplayer battle arena)
1091;celtic mythology
1090;card battle
1089;rebellion
1088;safari
1087;collection
1086;mixed martial arts
1085;mma
1083;swat
1082;drama
1081;masked wrestling
1080;spanish
1079;graphic adventure
1078;manic shooter
1077;convenience store
1076;cube
1075;crossover
1074;art
1073;super scaling
1072;ripper
1071;mcdonald's
1070;labyrinth
1069;demons
1068;skeleton
1067;skulls
1066;occult
1065;dragon
1064;ellen ripley
1063;h. r. giger
1062;alien
1061;giant monsters
1060;kaiju
1059;side-scrolling
1058;space battle
1057;sprite-scaling
1055;overkills
1054;gulf war
1053;sonic team
1052;speed
1051;games
1050;jumpbutton studio
1049;studio
1048;jumpbutton
1047;hippie
1046;rainbow
1045;space travel
1044;whales
1043;hardcore
1040;free falling
1039;port
1038;security guard
1037;usmc
1036;total overhaul
1035;total conversion
1034;mod
1033;action-adventure
1032;insanity
1031;squash
1030;roller coaster
1029;extra terrestrial
1028;simulator
1027;adventure
1026;role playing
1025;shooter
1024;party game
1023;crazy eights
1022;gin rummy
1021;canasta
1020;euchre
1019;bridge
1018;spades
1017;hearts
1016;go fish
1015;cribbage
1014;blackjack
1013;connect four
1012;battleship
1011;mahjong
1010;reversi
1009;dominoes
1008;checkers
1007;barcelona
1006;vin diesel
1005;escape
1004;plants
1003;ski jump
1002;alpine skiing
1001;communication
1000;ping-pong
999;naval
998;fight
997;based on a tv show
996;space shooter
995;game time
994;management
993;real-time
992;flight
989;hamster
988;online co-op
987;contagion
986;band-play
985;wild west
984;food
983;playstation move
982;brawler
981;assassin's creed
980;france
979;crazy arcade
978;boom online
977;hand-to-hand combat
976;gardening
975;absorbing
974;space
973;pause-based
972;dwarf
971;extreme sports
970;sci-fi
969;arcade
968;animal protagonist
967;space warfare
966;puzzles
965;rythmic
964;claymation
963;riot
962;female protagonist
961;vehicular combat
960;compilation
959;nuclear weapons
958;nuke
957;running
956;tex murphy
955;london
954;testament
953;mythology
952;goblin
951;lo wang
950;programmer
949;program
948;programming
947;spaceship
946;monkey
945;crysler
943;scrolling
941;"mohaa
940;moh
939;remake
938;party
937;sweet 16
936;coaching
935;rules of nature
934;pinball
933;hummer
932;chevy
931;mission based
930;utility
929;taxi
928;magic
927;chariot
926;deer
925;bruce lee
924;christian
923;futuristic
922;arena football
921;amf
920;biplanes
919;space gunner
918;math
917;skiing
916;surgeon
915;trains
914;lifestyle
913;fixed shooter
912;backgammon
911;bullet hell
910;air dasher
909;dementia
908;badasssomeness
907;tf2
906;steampunk
905;difficult
904;co-op
903;nephalem
902;rabbit
901;episodic
900;mmorpg
899;unity
898;creed
897;third person shooter
896;star wars
895;racing simulator
894;old school
893;16th century
892;piracy
891;pixel
890;sea race
889;gangs
888;alpha testing
887;early access
886;marksman
885;assassinate
884;cleaning
883;massacre
882;claus
881;santa
880;cts
879;counter-terrorists
878;terrorist
877;indianapolis
876;beginning
875;populous
874;hospital management
873;theme hospital
872;shadow
871;arcade game
870;wwf
869;wrestlemania
868;masquerade
867;troika
866;bloodlines
865;fodder
864;cannon
863;stoic
862;saga
861;banner
860;test drive
859;the duel
858;amiga
857;moonstone
856;positech
855;democracy
854;deluxe
853;transport
852;ttd
851;1950s
850;mech simulator
849;mech combat
848;bullet head
847;eroge
846;romance
845;werewolf
844;shmup
843;humour
842;shooting gallery
841;goat
840;cinematic
839;dolphin
838;wwe
837;knife throwing
836;ring toss
835;biathlon
834;bobsledding
833;ice skating
832;christmas
831;we fit
830;cheerleading
829;windsurfing
828;croquet
827;aquatics
826;time manipulation
825;drawing
824;coloring
823;horse racing
822;toys
821;mmorts
820;paramount
819;crossword
818;virtual pet
817;pet-raising
816;pets
815;cooperative
814;paintball
813;dirt bike
812;horseshoes
811;lawn darts
810;ncaa
809;nba
808;vocabulary
807;realistic science fiction
806;show jumping
805;strategic
804;michael jackson
803;discovery
802;mlb
801;hasbro
800;quad bike
799;four wheeler
798;pachinko
797;wii fit
796;jenga
795;jeep
794;avengers
793;fashion
792;babysitting
791;vet
790;jet fighter
789;doctor
788;skill ball
787;guinea pig
786;r&c
785;ratchet & clank
784;free running
783;land rover
782;ford
781;ferrari
780;target practice
779;ocean
778;driving
777;fitness
776;darts
775;rap
774;supercross
773;figure skating
772;game show
771;cage fight
770;chicken
769;conoe
768;air racer
767;cliff hanging
766;hurdle
765;inner-tubing
764;badminton
763;joust
762;curling
761;celebrity
760;candy
759;baking
758;cooking
757;karaoke
756;birthday
755;sack race
754;hot potato
753;frisbee golf
752;bocce
751;chipmunks
750;multi directional
749;australian football
748;australasia
747;acrobatic double dutch skipping
746;basejumping
745;street luge
744;rock climbing
743;kiteboarding
742;mat controller
741;device
740;girls
739;blob
738;downhill
737;mountain bike
736;abandonware
735;street racing
734;match 3
733;jewel
732;ufo
731;burger
730;lightgun
729;gambling
728;breakout
727;kidnap
726;runner
725;antarctic
724;penguin
723;cricket
722;wolverine
721;x-men
720;dungeon crawl
719;typing
718;interaction
717;cartoon network
716;vocals
715;bass guitar
714;keyboard
713;amusement park
712;theme park
711;ufc
710;firetruck
709;taz
708;cows
707;air hockey
706;shooting
705;swordplay
704;frisbee
703;skydiving
702;kayak
701;archery
700;wakeboard
699;skis
698;mummy
697;slingshot
696;beast
695;kart race
694;memory loss
693;mental powers
692;orca
691;killer whale
690;nickelodeon
689;frolf
688;streetball
687;maze
686;dreamworks
685;mini golf
684;carnival
683;real time tactics
682;compilation of games
681;quarterback
680;college
679;street basketball
678;nascar
677;traditional
676;compilation of megaman
675;dodgeball
674;waves
673;surfing
672;compilation of arcade
671;pixar
670;quidditch
669;frog
668;marvel
667;winter sports
666;shogi
665;drums
664;tactical shooter
663;shoot em up
662;bike
661;bmx
660;run and gun
659;tmnt
658;egg
657;tops
656;beach volleyball
655;beach
654;volleyball
653;barbarian
652;atv
651;inline skates
650;destruction derby
649;city-building
648;zoo
647;1910s
646;compilation of kirby
645;disney
644;semi trucks
643;create stuff
642;exercise
641;boating
640;jet ski
639;versus
638;hawaii
637;snowboard
636;pooh
635;stunt
634;vietnam war
633;san francisco
632;boxing
631;rc cars
630;scooter
629;snowmobile
628;snocross
627;off road
626;olympics
625;monster truck
624;3d rail
623;horse
622;track & field
621;slot machine
620;formula one
619;game creator
618;naughty dog
617;ps4
616;lamborghini
615;army men
614;sumo
613;planes
612;chopper
611;casino
610;aerobatic flight simulator
609;sea battles
608;persian mythology
607;caveman
606;resource management
605;alternate history
604;open-source
603;ascii
602;cookie
601;cult-following
600;skinner box
599;browser-based
598;parachute
597;falling
596;early acess
595;voxel
594;fire
593;xblig
592;elves
591;self-discovery
590;every genre
589;2.5d
588;android
587;ouya
586;castlevania
585;maple story
584;angel
582;building guns
581;diablo-like
580;gear-dependant
579;storage microtransaction
578;permadeath
577;procedural generation
576;mmofps
575;robots
574;upgradable weapons
573;big guns
572;apes
571;rats
570;cats
569;psychopath
568;suit
567;client-based
566;destructive environment
565;cities
564;large
563;military
562;soldier
561;chimera
560;philosophic
559;heartbeat
558;death
557;sen
556;project
555;has private servers
554;warlord
553;art of war
552;18th century
551;feel-good
550;xbla
549;feudal
548;shogun
547;4-player
546;pvp
545;21st century
544;desura
543;player-housing
542;simulation,
541;dlc
540;weapons
538;8-bit style
537;dark fantasy
536;learning
535;1990s
534;educational
533;related designs
532;psn
531;creative
530;crusades
529;sims
527;wow
526;rts
525;lord of the rings
524;fast paced
523;harry potter
522;psx
521;jrpg
520;4-disc
519;dragoons
518;insects
517;mother
516;americana
515;save the world
514;20th century
513;snes
512;quick-time events
511;breeding
510;crafting
509;fishing
508;ps2
506;level-5
505;cell-shaded
504;4x
503;pc
502;uo
501;nes
500;snk
499;great depression
498;sing
497;summoning
496;guerilla
495;hellghast
494;squad based
493;tactical simulator
492;morphing
491;sea
490;tolkien
489;china
488;guitar
487;viking mythology
486;cave
484;racing
483;dark knight
482;collectible card game ( ccg )
481;steam greenlight candidate
480;random story generation
479;dig & fight
478;rpg
477;metroidvania
476;aesthetic microtransaction
475;dota
474;actionrts
472;prequel
471;dc comics
470;comics
469;hard boiled
468;fables
467;tps
466;fps
465;future
464;mmo
463;tablet-controlled
462;mouse-controlled
460;jonah lomu
459;vehicle construction
458;banjo-kazooie
457;nhl 14
456;national hockey league
455;nhl
454;unsc
453;first person shooter
452;halo
451;augmented reality
450;city running
449;battlefield
448;three kingdoms
447;game boy color
446;game boy
445;portable
444;jet
443;plasma rifle
442;hard
441;street fighting
440;realted designs
439;knack
438;steamgame
437;audiosurf
436;text
435;ea
434;fifa
433;swat
432;8bit
431;moral choice
430;document
429;dystopian
428;mercenaries
427;police
426;kickstarter funded
425;crpg
424;1930s
423;gothic
422;choose your  own adventure
421;ancient egypt
420;artifact
419;lord british
418;britannia
417;manor
416;roguelike
415;turn-based
414;verboten in germany
413;parody
412;dance
411;pacman
410;lego
409;pokemon
408;atari
406;mass heroes
405;trucks
404;teddybear
403;shark
402;arcade racers
401;burnout
396;japanese
395;isometric
394;mascot
393;managerial
392;construction
391;movie games
390;parkour
389;hack and slash
388;bloodrayne
387;newgrounds
386;platformers
384;tom fulp
383;classic sega
382;16-bit
381;vintage
380;chess
379;tycoon
378;smurfs
377;random world generation
376;super human
375;force
374;table tennis
373;myth drannor
371;guild
370;apprentice
369;duke
368;thief
367;norse mythology
366;heimdall
365;egyptian
363;nibelungen
362;transform
361;scotia
360;forgotten realms
359;world domination
358;dating
357;madness
356;patryn
355;sartan
354;evil sorcerer
353;kingdom
352;mansion
351;italian mafia
350;comedy
349;dark sun
348;gold box
347;pool of radiance
345;manga
344;computers
343;adult
342;2nd edition
341;dimension
340;prison
339;survival
338;final fantasy chronicles
337;island
335;pop
334;25th century
333;buck rogers
332;dragons
331;genetic experiment
330;shapeshifter
329;desert
328;ants
327;native tribe
325;ad&d
324;ultima
322;bungie
321;konoko
318;compilation of final fantasy vii
317;fabula nova crystallis
316;ivalice alliance
315;dragster
314;pedestrians
313;rugby
312;3dfx
311;tennis
310;abrams
309;car customization
308;experimental
307;invasion
306;moon
305;unreleased
304;vehicle simulation
302;nutrition
301;health
300;snooker
299;bowling
298;1920s
296;fantasy
293;ancient rome
292;ballmode
289;air-combat
288;2d
287;physics
286;competitive
285;skill-based
284;organized crime
283;story driven
282;bestseller
281;mario characters
280;go-kart
278;germany
277;norway
276;1940s
275;gamecube microphone
274;minigames
272;europe
271;photography
270;obelix
269;asterix
268;camelot
267;king arthur
266;peperami
265;legend
264;inca
263;rainforest
262;amazon
260;spellbook
259;robin hood
258;dungeon
257;history
256;sherlock holmes
255;jules verne
254;battle simulator
253;samurai
252;conquest
251;hack
250;3d
249;pikachu
248;pokeball
247;collecting
246;cardgame
245;lawyer
244;crimesolving
243;heist
242;droids
241;genesis
239;mining station
238;touch
237;endless running
236;grinding
234;wrestling
231;ron gilbert
229;catastrophe
228;virus
227;sword
226;magic
225;investigation
223;dark
222;drugs
221;murder
220;weird
219;templars
218;interactive fiction
217;cartoon
216;full motion video ( fmv )
215;detective
214;politics
213;voyeur
212;eyetoy play
211;vampire
210;secret laboratory
209;mutation
208;russia
207;rift world
206;treasure
205;immortality
204;holy grail
203;puzzle solving
202;atlantis
201;space station
199;summer
198;haunted house
197;mystery
196;hovercar
194;boardgame
193;training
191;tactical espionage operations
190;tactical espionage action
189;kojima
187;naked snake
186;punished snake
185;downloadable
182;character customization
181;eve universe
177;crash test dummies
176;souls
175;demon
174;arpg - action rpg
173;reality tv
172;animal hero
171;level editor
170;time travel
169;music
168;rhythm
167;mech
166;shoot 'em up
165;space mining
164;ninja
163;side scroller
162;brutal
161;infection
160;destruction
159;disease
158;psychological exploration
157;mind-bending
156;surrealism
155;cars
154;poker
153;animals
152;arctic climate
151;medieval
150;space-time
149;grand strategy
148;moba
147;wizards
140;serial killer
139;submarines
138;underwater
137;gravity
135;paranormal
134;psychological thriller
133;interactive movie
132;stealth
131;psychological horror
130;extreme
129;blood
128;1980s
126;retro
125;based on a tv series
124;sniper
122;hell
121;sandbox
120;dig
117;indie
115;god game
114;arena
113;courtroom
112;attorney
111;species
110;evolution
109;violence
108;fighting simulator
107;fighting
106;cybernetics
105;knights
104;spec ops
103;cyberpunk
101;casual
100;multitouch
98;monsters
97;space trading
96;orcs
95;kinect
94;visual novel
93;cabal
92;free to play ( f2p )
89;outback
88;australian
87;dinosaurs
86;hot girl with chainsaw
85;neo noir
84;grasshopper
80;lollipop
79;chainsaw
78;anime
77;tower defense
76;asian style
72;exploration
71;craft
70;futuristic warfare
69;post-apocalyptic
67;robot
66;simulated reality
65;arcade simulator
64;hunting
63;ship simulator
62;antihero
61;martial arts
60;city building and management
59;motocross
58;basketball
57;motorcycle
56;flight simulator
55;artillery game
54;pool
53;billiard
51;space strategy
50;skateboard
49;submarine simulator
48;tank simulator
47;tanks
46;female hero ( heroine )
45;train simulator
44;ice hockey
43;life simulation
42;1960s
41;secret agent
40;spy
38;on-rails shooter
36;combat flight simulator
35;greek mythology
34;ancient greece
33;nfl
32;american football
31;ah-64 apache
30;golf
29;world war 1 ( ww1 )
28;rally
27;football
26;soccer
25;vehicular combat
24;space combat
23;space simulation
22;assassin
21;helicopter
20;baseball
19;world war 2 ( ww2 )
18;battlemech
17;crime-life
16;ghosts
14;super hero
11;you get to be evil!
9;western
8;cold war
7;cowboys
6;rail shooter
5;zombies
4;pirates
3;aliens
2;historical warfare
1;modern warfare
